id,gss,snac,local_custodian_code,tier_id,parent_local_authority_id,slug,country_name,homepage_url,name
1,S12000033,00QA,9051,3,,aberdeen,Scotland,http://www.aberdeencity.gov.uk/,"Aberdeen City Council"
2,S12000034,00QB,9052,3,,aberdeenshire,Scotland,http://www.aberdeenshire.gov.uk/,"Aberdeenshire Council"
3,E07000223,45UB,3805,2,400,adur,England,http://www.adur-worthing.gov.uk/,"Adur District Council"
4,E07000026,16UB,905,2,94,allerdale,England,https://www.allerdale.gov.uk/,"Allerdale Borough Council"
5,E07000032,17UB,1005,2,101,amber-valley,England,http://www.ambervalley.gov.uk/,"Amber Valley Borough Council"
6,S12000041,00QC,9053,3,,angus,Scotland,https://www.angus.gov.uk/,"Angus Council"
7,N09000001,N09000001,8130,3,,antrim-newtownabbey,Northern Ireland,https://antrimandnewtownabbey.gov.uk/,"Antrim and Newtownabbey Borough Council"
8,N09000011,N09000011,8140,3,,ards-and-north-down,Northern Ireland,http://www.ardsandnorthdown.gov.uk,"Ards and North Down Borough Council"
9,S12000035,00QD,9054,3,,argyll-and-bute,Scotland,https://www.argyll-bute.gov.uk/,"Argyll and Bute Council"
10,N09000002,N09000002,8131,3,,armagh-banbridge-craigavon,Northern Ireland,https://www.armaghbanbridgecraigavon.gov.uk,"Armagh City, Banbridge and Craigavon Borough Council"
11,E07000224,45UC,3810,2,400,arun,England,http://www.arun.gov.uk/,"Arun District Council"
12,E07000170,37UB,3005,2,260,ashfield,England,http://www.ashfield-dc.gov.uk/,"Ashfield District Council"
13,E07000105,29UB,2205,2,188,ashford,England,http://www.ashford.gov.uk/,"Ashford Borough Council"
14,E07000004,11UB,405,2,50,aylesbury-vale,England,http://www.aylesburyvaledc.gov.uk/,"Aylesbury Vale District Council"
15,E07000200,42UB,3505,2,348,babergh,England,https://www.babergh.gov.uk/,"Babergh District Council"
16,E09000002,00AB,5060,3,,barking-and-dagenham,England,https://www.lbbd.gov.uk/,"London Borough of Barking and Dagenham"
17,E09000003,00AC,5090,3,,barnet,England,https://www.barnet.gov.uk/,"London Borough of Barnet"
18,E08000016,00CC,4405,3,,barnsley,England,http://www.barnsley.gov.uk/,"Barnsley Metropolitan Borough Council"
19,E07000027,16UC,910,2,94,barrow-in-furness,England,http://www.barrowbc.gov.uk/,"Borough of Barrow-in-Furness"
20,E07000066,22UB,1505,2,134,basildon,England,http://www.basildon.gov.uk/,"Basildon Borough Council"
21,E07000084,24UB,1705,2,160,basingstoke-and-deane,England,http://www.basingstoke.gov.uk/,"Basingstoke and Deane Borough Council"
22,E07000171,37UC,3010,2,260,bassetlaw,England,http://www.bassetlaw.gov.uk/,"Bassetlaw District Council"
23,E06000022,00HA,114,3,,bath-and-north-east-somerset,England,http://www.bathnes.gov.uk/,"Bath and North East Somerset Council"
24,E06000055,00KB,235,3,,bedford,England,http://www.bedford.gov.uk/,"Bedford Borough Council"
25,N09000003,N09000003,8132,3,,belfast,Northern Ireland,https://www.belfastcity.gov.uk/,"Belfast City Council"
26,E09000004,00AD,5120,3,,bexley,England,http://www.bexley.gov.uk/,"London Borough of Bexley"
27,E08000025,00CN,4605,3,,birmingham,England,http://www.birmingham.gov.uk/,"Birmingham City Council"
28,E07000129,31UB,2405,2,200,blaby,England,http://www.blaby.gov.uk/,"Blaby District Council"
29,E06000008,00EX,2372,3,,blackburn-with-darwen,England,http://www.blackburn.gov.uk/,"Blackburn with Darwen Borough Council"
30,E06000009,00EY,2373,3,,blackpool,England,http://www.blackpool.gov.uk,"Blackpool Borough Council"
31,W06000019,00PL,6910,3,,blaenau-gwent,Wales,https://www.blaenau-gwent.gov.uk/,"Blaenau Gwent County Borough Council"
32,E07000033,17UC,1010,2,101,bolsover,England,http://www.bolsover.gov.uk/,"Bolsover District Council"
33,E08000001,00BL,4205,3,,bolton,England,http://www.bolton.gov.uk/,"Bolton Metropolitan Borough Council"
34,E07000136,32UB,2505,2,205,boston,England,http://www.boston.gov.uk/,"Boston Borough Council"
35,E06000028,00HN,,3,,bournemouth,England,https://www.bournemouth.gov.uk/,"Bournemouth Borough Council"
36,E06000036,00MA,335,3,,bracknell-forest,England,https://www.bracknell-forest.gov.uk/,"Bracknell Forest Council"
37,E08000032,00CX,4705,3,,bradford,England,http://www.bradford.gov.uk/,"City of Bradford Metropolitan District Council"
38,E07000067,22UC,1510,2,134,braintree,England,http://www.braintree.gov.uk/,"Braintree District Council"
39,E07000143,33UB,2605,2,239,breckland,England,http://www.breckland.gov.uk/,"Breckland Council"
40,E09000005,00AE,5150,3,,brent,England,https://www.brent.gov.uk/,"London Borough of Brent"
41,E07000068,22UD,1515,2,134,brentwood,England,http://www.brentwood.gov.uk/,"Brentwood Borough Council"
42,W06000013,00PB,6915,3,,bridgend,Wales,http://www.bridgend.gov.uk,"Bridgend County Borough Council"
43,E06000043,00ML,1445,3,,brighton-and-hove,England,http://www.brighton-hove.gov.uk/,"Brighton and Hove City Council"
44,E06000023,00HB,116,3,,bristol,England,http://www.bristol.gov.uk/,"Bristol City Council"
45,E07000144,33UC,2610,2,239,broadland,England,http://www.broadland.gov.uk/,"Broadland District Council"
46,E09000006,00AF,5180,3,,bromley,England,https://www.bromley.gov.uk/,"London Borough of Bromley"
47,E07000234,47UB,1805,2,411,bromsgrove,England,http://www.bromsgrove.gov.uk/,"Bromsgrove District Council"
48,E07000095,26UB,1905,2,171,broxbourne,England,http://www.broxbourne.gov.uk/,"Borough of Broxbourne"
49,E07000172,37UD,3015,2,260,broxtowe,England,https://www.broxtowe.gov.uk/,"Broxtowe Borough Council"
50,E06000060,E06000060,440,3,,buckinghamshire,England,https://www.buckinghamshire.gov.uk/,"Buckinghamshire Council"
51,E07000117,30UD,2315,2,196,burnley,England,http://www.burnley.gov.uk/,"Burnley Borough Council"
52,E08000002,00BM,4210,3,,bury,England,https://www.bury.gov.uk/,"Bury Metropolitan Borough Council"
53,W06000018,00PK,6920,3,,caerphilly,Wales,http://www.caerphilly.gov.uk,"Caerphilly County Borough Council"
54,E08000033,00CY,4710,3,,calderdale,England,http://www.calderdale.gov.uk/,"Calderdale Metropolitan Borough Council"
55,E07000008,12UB,505,2,56,cambridge,England,https://www.cambridge.gov.uk/,"Cambridge City Council"
56,E10000003,12,535,1,,cambridgeshire,England,http://www.cambridgeshire.gov.uk,"Cambridgeshire County Council"
57,E09000007,00AG,5210,3,,camden,England,http://www.camden.gov.uk/,"London Borough of Camden"
58,E07000192,41UB,3405,2,335,cannock-chase,England,http://www.cannockchasedc.gov.uk/,"Cannock Chase District Council"
59,E07000106,29UC,2210,2,188,canterbury,England,https://www.canterbury.gov.uk/,"Canterbury City Council"
60,W06000015,00PT,6815,3,,cardiff,Wales,https://www.cardiff.gov.uk/,"City of Cardiff Council"
61,E07000028,16UD,915,2,94,carlisle,England,http://www.carlisle.gov.uk,"Carlisle City Council"
62,W06000010,00NU,6825,3,,carmarthenshire,Wales,https://www.carmarthenshire.gov.wales/home/council-services/,"Carmarthenshire County Council"
63,E07000069,22UE,1520,2,134,castle-point,England,https://www.castlepoint.gov.uk/,"Castle Point Borough Council"
64,N09000004,N09000004,8133,3,,causeway-coast-and-glens,Northern Ireland,https://www.causewaycoastandglens.gov.uk/,"Causeway Coast and Glens Borough Council"
65,E06000056,00KC,240,3,,central-bedfordshire,England,http://www.centralbedfordshire.gov.uk,"Central Bedfordshire Council"
66,W06000008,00NQ,6820,3,,ceredigion,Wales,http://www.ceredigion.gov.uk,"Ceredigion County Council"
67,E07000130,31UC,2410,2,200,charnwood,England,http://www.charnwood.gov.uk/,"Charnwood Borough Council"
68,E07000070,22UF,1525,2,134,chelmsford,England,https://www.chelmsford.gov.uk/,"Chelmsford City Council"
69,E07000078,23UB,1605,2,149,cheltenham,England,http://www.cheltenham.gov.uk/,"Cheltenham Borough Council"
70,E07000177,38UB,3105,2,266,cherwell,England,https://www.cherwell.gov.uk/,"Cherwell District Council"
71,E06000049,00EQ,660,3,,cheshire-east,England,https://www.cheshireeast.gov.uk/,"Cheshire East Council"
72,E06000050,00EW,665,3,,cheshire-west-and-chester,England,http://www.cheshirewestandchester.gov.uk/,"Cheshire West and Chester Council"
73,E07000034,17UD,1015,2,101,chesterfield,England,https://www.chesterfield.gov.uk/,"Chesterfield Borough Council"
74,E07000225,45UD,3815,2,400,chichester,England,http://www.chichester.gov.uk/,"Chichester District Council"
75,E07000005,11UC,415,2,50,chiltern,England,http://www.chiltern.gov.uk/,"Chiltern District Council"
76,E07000118,30UE,2320,2,196,chorley,England,http://www.chorley.gov.uk/,"Chorley Council"
77,E07000048,19UC,,2,106,christchurch,England,http://www.dorsetforyou.com/,"Christchurch Borough Council"
78,E09000001,00AA,5030,3,,city-of-london,England,https://www.cityoflondon.gov.uk/,"City of London Corporation"
79,S12000036,00QP,9064,3,,edinburgh,Scotland,http://www.edinburgh.gov.uk,"City of Edinburgh Council"
80,E09000033,00BK,5990,3,,westminster,England,https://www.westminster.gov.uk/,"City of Westminster"
81,S12000005,00QF,9056,3,,clackmannanshire,Scotland,https://www.clacks.gov.uk/,"Clackmannanshire Council"
82,E07000071,22UG,1530,2,134,colchester,England,http://www.colchester.gov.uk/,"Colchester Borough Council"
83,W06000003,00NE,6905,3,,conwy,Wales,http://www.conwy.gov.uk/,"Conwy County Borough Council"
84,E07000029,16UE,920,2,94,copeland,England,http://www.copeland.gov.uk,"Copeland Borough Council"
85,E07000150,34UB,,2,241,corby,England,https://www.northnorthants.gov.uk/,"Corby Borough Council"
86,E06000052,00HE,840,3,,cornwall,England,https://www.cornwall.gov.uk/,"Cornwall Council"
87,E07000079,23UC,1610,2,149,cotswold,England,https://www.cotswold.gov.uk/,"Cotswold District Council"
88,E06000047,00EJ,1355,3,,county-durham,England,http://www.durham.gov.uk/,"Durham County Council"
89,E06000019,00GA,1850,3,,herefordshire,England,https://www.herefordshire.gov.uk/,"Herefordshire Council"
90,E08000026,00CQ,4610,3,,coventry,England,http://www.coventry.gov.uk/,"Coventry City Council"
91,E07000163,36UB,2705,2,257,craven,England,http://www.cravendc.gov.uk/,"Craven District Council"
92,E07000226,45UE,3820,2,400,crawley,England,http://www.crawley.gov.uk/,"Crawley Borough Council"
93,E09000008,00AH,5240,3,,croydon,England,http://www.croydon.gov.uk,"London Borough of Croydon"
94,E10000006,16,900,1,,cumbria,England,http://www.cumbria.gov.uk/,"Cumbria County Council"
95,E07000096,26UC,1910,2,171,dacorum,England,http://www.dacorum.gov.uk/,"Dacorum Borough Council"
96,E06000005,00EH,1350,3,,darlington,England,https://www.darlington.gov.uk/,"Darlington Borough Council"
97,E07000107,29UD,2215,2,188,dartford,England,http://www.dartford.gov.uk/,"Dartford Borough Council"
98,E07000151,34UC,,2,241,daventry,England,https://www.westnorthants.gov.uk/,"Daventry District Council"
99,W06000004,00NG,6830,3,,denbighshire,Wales,https://www.denbighshire.gov.uk/,"Denbighshire County Council"
100,E06000015,00FK,1055,3,,derby,England,https://www.derby.gov.uk/,"Derby City"
101,E10000007,17,1050,1,,derbyshire,England,http://www.derbyshire.gov.uk/,"Derbyshire County Council"
102,E07000035,17UF,1045,2,101,derbyshire-dales,England,http://www.derbyshiredales.gov.uk,"Derbyshire Dales District Council"
103,N09000005,N09000005,8134,3,,derry-strabane,Northern Ireland,http://www.derrycityandstrabanedistrict.com,"Derry City and Strabane District Council"
104,E10000008,18,1155,1,,devon,England,https://new.devon.gov.uk/,"Devon County Council"
105,E08000017,00CE,4410,3,,doncaster,England,http://www.doncaster.gov.uk/,"Doncaster Metropolitan Borough Council"
106,E10000009,19,1265,3,,dorset,England,https://www.dorsetcouncil.gov.uk/,"Dorset Council"
107,E07000108,29UE,2220,2,188,dover,England,http://www.dover.gov.uk/,"Dover District Council"
108,E08000027,00CR,4615,3,,dudley,England,https://www.dudley.gov.uk/,"Dudley Metropolitan Borough Council"
109,S12000006,00QH,9058,3,,dumfries-and-galloway,Scotland,https://www.dumgal.gov.uk/,"Dumfries and Galloway Council"
110,S12000042,00QJ,9059,3,,dundee,Scotland,http://www.dundeecity.gov.uk,"Dundee City Council"
111,E09000009,00AJ,5270,3,,ealing,England,http://www.ealing.gov.uk/,"London Borough of Ealing"
112,S12000008,00QK,9060,3,,east-ayrshire,Scotland,http://www.east-ayrshire.gov.uk,"East Ayrshire Council"
113,E07000061,21UC,1410,2,127,eastbourne,England,https://www.lewes-eastbourne.gov.uk,"Eastbourne Borough Council"
114,E07000009,12UC,510,2,56,east-cambridgeshire,England,http://www.eastcambs.gov.uk/,"East Cambridgeshire District Council"
115,E07000040,18UB,1105,2,104,east-devon,England,http://eastdevon.gov.uk,"East Devon District Council"
116,E07000049,19UD,,2,106,east-dorset,England,http://www.dorsetforyou.com/,"East Dorset District Council"
117,S12000045,00QL,9061,3,,east-dunbartonshire,Scotland,http://www.eastdunbarton.gov.uk,"East Dunbartonshire Council"
118,E07000085,24UC,1710,2,160,east-hampshire,England,http://www.easthants.gov.uk/,"East Hampshire District Council"
119,E07000242,26UD,1915,2,171,east-hertfordshire,England,http://www.eastherts.gov.uk/,"East Hertfordshire District Council"
120,E07000086,24UD,1715,2,160,eastleigh,England,http://www.eastleigh.gov.uk/,"Eastleigh Borough Council"
121,E07000137,32UC,2510,2,205,east-lindsey,England,http://www.e-lindsey.gov.uk/,"East Lindsey District Council"
122,S12000010,00QM,9062,3,,east-lothian,Scotland,https://www.eastlothian.gov.uk/,"East Lothian Council"
123,E07000152,34UD,,2,241,east-northamptonshire,England,https://www.northnorthants.gov.uk/,"East Northamptonshire Council"
124,S12000011,00QN,9063,3,,east-renfrewshire,Scotland,http://www.eastrenfrewshire.gov.uk,"East Renfrewshire Council"
125,E06000011,00FB,2001,3,,east-riding-of-yorkshire,England,http://www.eastriding.gov.uk/,"East Riding of Yorkshire Council"
126,E07000193,41UC,3410,2,335,east-staffordshire,England,http://www.eaststaffsbc.gov.uk/,"East Staffordshire Borough Council"
127,E10000011,21,1440,1,,east-sussex,England,http://www.eastsussex.gov.uk/,"East Sussex County Council"
128,E07000030,16UF,925,2,94,eden,England,http://www.eden.gov.uk,"Eden District Council"
129,E07000207,43UB,3605,2,350,elmbridge,England,http://www.elmbridge.gov.uk/,"Elmbridge Borough Council"
130,E09000010,00AK,5300,3,,enfield,England,https://new.enfield.gov.uk/,"London Borough of Enfield"
131,E07000072,22UH,1535,2,134,epping-forest,England,http://www.eppingforestdc.gov.uk/,"Epping Forest District Council"
132,E07000208,43UC,3610,2,350,epsom-and-ewell,England,http://www.epsom-ewell.gov.uk/,"Epsom and Ewell Borough Council"
133,E07000036,17UG,1025,2,101,erewash,England,http://www.erewash.gov.uk/,"Erewash Borough Council"
134,E10000012,22,1585,1,,essex,England,http://www.essex.gov.uk/Pages/Default.aspx,"Essex County Council"
135,E07000041,18UC,1110,2,104,exeter,England,http://exeter.gov.uk/,"Exeter City Council"
136,S12000014,00QQ,9065,3,,falkirk,Scotland,http://www.falkirk.gov.uk,"Falkirk Council"
137,E07000087,24UE,1720,2,160,fareham,England,http://www.fareham.gov.uk/,"Fareham Borough Council"
138,E07000010,12UD,515,2,56,fenland,England,http://www.fenland.gov.uk/,"Fenland District Council"
139,N09000006,N09000006,8135,3,,fermanagh-omagh,Northern Ireland,https://www.fermanaghomagh.com/,"Fermanagh and Omagh District Council"
140,S12000015,00QR,9066,3,,fife,Scotland,http://www.fifedirect.org.uk,"Fife Council"
141,W06000005,00NJ,6835,3,,flintshire,Wales,http://www.flintshire.gov.uk,"Flintshire County Council"
142,E07000201,42UC,,2,348,forest-heath,England,https://www.westsuffolk.gov.uk/,"Forest Heath District Council"
143,E07000080,23UD,1615,2,149,forest-of-dean,England,http://www.fdean.gov.uk/,"Forest of Dean District Council"
144,E07000119,30UF,2325,2,196,fylde,England,http://www.fylde.gov.uk/,"Fylde Borough Council"
145,E08000037,00CH,4505,3,,gateshead,England,https://www.gateshead.gov.uk/,"Gateshead Metropolitan Borough Council"
146,E07000173,37UE,3020,2,260,gedling,England,http://www.gedling.gov.uk/,"Gedling Borough Council"
147,S12000046,00QS,9067,3,,glasgow,Scotland,http://www.glasgow.gov.uk,"Glasgow City Council"
148,E07000081,23UE,1620,2,149,gloucester,England,http://www.gloucester.gov.uk/,"Gloucester City Council"
149,E10000013,23,1600,1,,gloucestershire,England,http://www.gloucestershire.gov.uk/,"Gloucestershire County Council"
150,E07000088,24UF,1725,2,160,gosport,England,http://www.gosport.gov.uk/,"Gosport Borough Council"
151,E07000109,29UG,2230,2,188,gravesham,England,http://www.gravesham.gov.uk/,"Gravesham Borough Council"
152,E07000145,33UD,2615,2,239,great-yarmouth,England,http://www.great-yarmouth.gov.uk,"Great Yarmouth Borough Council"
153,E09000011,00AL,5330,3,,greenwich,England,http://www.royalgreenwich.gov.uk/,"Royal Borough of Greenwich"
154,E07000209,43UD,3615,2,350,guildford,England,http://www.guildford.gov.uk/,"Guildford Borough Council"
155,W06000002,00NC,6810,3,,gwynedd,Wales,http://www.gwynedd.gov.uk,"Gwynedd Council"
156,E09000012,00AM,5360,3,,hackney,England,http://www.hackney.gov.uk/,"London Borough of Hackney"
157,E06000006,00ET,650,3,,halton,England,http://www.halton.gov.uk/,"Halton Borough Council"
158,E07000164,36UC,2710,2,257,hambleton,England,http://www.hambleton.gov.uk/,"Hambleton District Council"
159,E09000013,00AN,5390,3,,hammersmith-and-fulham,England,http://www.lbhf.gov.uk/,"London Borough of Hammersmith & Fulham"
160,E10000014,24,1770,1,,hampshire,England,http://www.hants.gov.uk/,"Hampshire County Council"
161,E07000131,31UD,2415,2,200,harborough,England,http://www.harborough.gov.uk/,"Harborough District Council"
162,E09000014,00AP,5420,3,,haringey,England,http://www.haringey.gov.uk/,"London Borough of Haringey"
163,E07000073,22UJ,1540,2,134,harlow,England,http://www.harlow.gov.uk/,"Harlow Council"
164,E07000165,36UD,2715,2,257,harrogate,England,http://www.harrogate.gov.uk/,"Harrogate Borough Council"
165,E09000015,00AQ,5450,3,,harrow,England,https://www.harrow.gov.uk/,"London Borough of Harrow"
166,E07000089,24UG,1730,2,160,hart,England,http://www.hart.gov.uk,"Hart District Council"
167,E06000001,00EB,724,3,,hartlepool,England,http://www.hartlepool.gov.uk,"Hartlepool Borough Council"
168,E07000062,21UD,1415,2,127,hastings,England,https://www.hastings.gov.uk/,"Hastings Borough Council"
169,E07000090,24UH,1735,2,160,havant,England,http://www.havant.gov.uk/,"Havant Borough Council"
170,E09000016,00AR,5480,3,,havering,England,http://www.havering.gov.uk/Pages/index.aspx,"London Borough of Havering"
171,E10000015,26,1900,1,,hertfordshire,England,https://www.hertfordshire.gov.uk/,"Hertfordshire County Council"
172,E07000098,26UE,1920,2,171,hertsmere,England,http://www.hertsmere.gov.uk/,"Hertsmere Borough Council"
173,S12000017,00QT,9068,3,,highland,Scotland,http://www.highland.gov.uk,"The Highland Council"
174,E07000037,17UH,1030,2,101,high-peak,England,https://www.highpeak.gov.uk/,"High Peak Borough Council"
175,E09000017,00AS,5510,3,,hillingdon,England,http://www.hillingdon.gov.uk/,"London Borough of Hillingdon"
176,E07000132,31UE,2420,2,200,hinckley-and-bosworth,England,http://www.hinckley-bosworth.gov.uk/,"Hinckley and Bosworth Borough Council"
177,E07000227,45UF,3825,2,400,horsham,England,https://www.horsham.gov.uk/,"Horsham District Council"
178,E09000018,00AT,5540,3,,hounslow,England,https://www.hounslow.gov.uk/,"London Borough of Hounslow"
179,E07000011,12UE,520,2,56,huntingdonshire,England,https://www.huntingdonshire.gov.uk/,"Huntingdonshire District Council"
180,E07000120,30UG,2330,2,196,hyndburn,England,https://www.hyndburnbc.gov.uk/,"Hyndburn Borough Council"
181,S12000018,00QU,9069,3,,inverclyde,Scotland,http://www.inverclyde.gov.uk,"Inverclyde Council"
182,E07000202,42UD,3515,2,348,ipswich,England,https://www.ipswich.gov.uk/,"Ipswich Borough Council"
183,W06000001,00NA,6805,3,,isle-of-anglesey,Wales,https://www.anglesey.gov.uk,"Isle of Anglesey County Council"
184,E06000046,00MW,2114,3,,isle-of-wight,England,http://www.iwight.com,"Isle of Wight Council"
185,E06000053,00HF,835,3,,isles-of-scilly,England,http://www.scilly.gov.uk,"Council of the Isles of Scilly"
186,E09000019,00AU,5570,3,,islington,England,https://www.islington.gov.uk/,"London Borough of Islington"
187,E09000020,00AW,5600,3,,kensington-and-chelsea,England,http://www.rbkc.gov.uk/,"Royal Borough of Kensington and Chelsea"
188,E10000016,29,2275,1,,kent,England,http://www.kent.gov.uk/,"Kent County Council"
189,E07000153,34UE,,2,241,kettering,England,https://www.northnorthants.gov.uk/,"Kettering Borough Council"
190,E07000146,33UE,2635,2,239,kings-lynn-and-west-norfolk,England,http://www.west-norfolk.gov.uk,"Borough Council of Kings Lynn and West Norfolk"
191,E06000010,00FA,2004,3,,kingston-upon-hull,England,https://www.hull.gov.uk,"Hull City Council"
192,E09000021,00AX,5630,3,,kingston-upon-thames,England,https://www.kingston.gov.uk/,"Royal Borough of Kingston upon Thames"
193,E08000034,00CZ,4715,3,,kirklees,England,https://www.kirklees.gov.uk/,"Kirklees Council"
194,E08000011,00BX,4305,3,,knowsley,England,http://www.knowsley.gov.uk/,"Knowsley Metropolitan Borough Council"
195,E09000022,00AY,5660,3,,lambeth,England,http://www.lambeth.gov.uk/,"London Borough of Lambeth"
196,E10000017,30,2371,1,,lancashire,England,http://www.lancashire.gov.uk/,"Lancashire County Council"
197,E07000121,30UH,2335,2,196,lancaster,England,http://www.lancaster.gov.uk/,"Lancaster City Council"
198,E08000035,00DA,4720,3,,leeds,England,http://www.leeds.gov.uk/,"Leeds City Council"
199,E06000016,00FN,2465,3,,leicester,England,http://www.leicester.gov.uk/,"Leicester City Council"
200,E10000018,31,2460,1,,leicestershire,England,https://www.leicestershire.gov.uk/,"Leicestershire County Council"
201,E07000063,21UF,1425,2,127,lewes,England,https://www.lewes-eastbourne.gov.uk,"Lewes District Council"
202,E09000023,00AZ,5690,3,,lewisham,England,http://www.lewisham.gov.uk/,"London Borough of Lewisham"
203,E07000194,41UD,3415,2,335,lichfield,England,https://www.lichfielddc.gov.uk/,"Lichfield District Council"
204,E07000138,32UD,2515,2,205,lincoln,England,http://www.lincoln.gov.uk/,"City of Lincoln Council"
205,E10000019,32,2500,1,,lincolnshire,England,https://www.lincolnshire.gov.uk/,"Lincolnshire County Council"
206,N09000007,N09000007,8136,3,,lisburn-castlereagh,Northern Ireland,https://www.lisburncastlereagh.gov.uk/,"Lisburn and Castlereagh City Council"
207,E08000012,00BY,4310,3,,liverpool,England,https://liverpool.gov.uk/,"Liverpool City Council"
208,E06000032,00KA,230,3,,luton,England,https://www.luton.gov.uk/,"Luton Borough Council"
209,E07000110,29UH,2235,2,188,maidstone,England,http://www.maidstone.gov.uk,"Maidstone Borough Council"
210,E07000074,22UK,1545,2,134,maldon,England,http://www.maldon.gov.uk/,"Maldon District Council"
211,E07000235,47UC,1820,2,411,malvern-hills,England,http://www.malvernhills.gov.uk/,"Malvern Hills District Council"
212,E08000003,00BN,4215,3,,manchester,England,http://www.manchester.gov.uk/,"Manchester City Council"
213,E07000174,37UF,3025,2,260,mansfield,England,http://www.mansfield.gov.uk/,"Mansfield District Council"
214,E06000035,00LC,2280,3,,medway,England,http://www.medway.gov.uk/,"Medway Council"
215,E07000133,31UG,2430,2,200,melton,England,http://www.melton.gov.uk/,"Melton Borough Council"
216,E07000187,40UB,3305,2,312,mendip,England,http://www.mendip.gov.uk/,"Mendip District Council"
217,W06000024,00PH,6925,3,,merthyr-tydfil,Wales,https://www.merthyr.gov.uk,"Merthyr Tydfil County Borough Council"
218,E09000024,00BA,5720,3,,merton,England,http://www.merton.gov.uk/,"London Borough of Merton"
219,N09000008,N09000008,8137,3,,mid-and-east-antrim,Northern Ireland,http://www.midandeastantrim.gov.uk,"Mid and East Antrim Borough Council"
220,E07000042,18UD,1135,2,104,mid-devon,England,http://www.middevon.gov.uk/,"Mid Devon District Council"
221,E06000002,00EC,734,3,,middlesbrough,England,http://www.middlesbrough.gov.uk/,"Middlesbrough Borough Council"
222,S12000019,00QW,9070,3,,midlothian,Scotland,https://www.midlothian.gov.uk/,"Midlothian Council"
223,E07000203,42UE,3520,2,348,mid-suffolk,England,http://www.midsuffolk.gov.uk/,"Mid Suffolk District Council"
224,E07000228,45UG,3830,2,400,mid-sussex,England,http://www.midsussex.gov.uk/,"Mid Sussex District Council"
225,N09000009,N09000009,8138,3,,mid-ulster,Northern Ireland,https://www.midulstercouncil.org/,"Mid Ulster District Council"
226,E06000042,00MG,435,3,,milton-keynes,England,https://www.milton-keynes.gov.uk/,"Milton Keynes Council"
227,E07000210,43UE,3620,2,350,mole-valley,England,https://www.molevalley.gov.uk/,"Mole Valley District Council"
228,W06000021,00PP,6840,3,,monmouthshire,Wales,https://www.monmouthshire.gov.uk/,"Monmouthshire County Council"
229,S12000020,00QX,9071,3,,moray,Scotland,http://www.moray.gov.uk,"The Moray Council"
230,S12000013,00RJ,,3,,eilean-siar,Scotland,http://www.cne-siar.gov.uk,"Comhairle nan Eilean Siar"
231,W06000012,00NZ,6930,3,,neath-port-talbot,Wales,http://www.neath-porttalbot.gov.uk,"Neath Port Talbot County Borough Council"
232,E07000175,37UG,3030,2,260,newark-and-sherwood,England,http://www.newark-sherwooddc.gov.uk/,"Newark and Sherwood District Council"
233,E07000195,41UE,3420,2,335,newcastle-under-lyme,England,http://www.newcastle-staffs.gov.uk/,"Newcastle-under-Lyme District Council"
234,E08000021,00CJ,4510,3,,newcastle-upon-tyne,England,https://www.newcastle.gov.uk/,"Newcastle City Council"
235,E07000091,24UJ,1740,2,160,new-forest,England,http://www.newforest.gov.uk/,"New Forest District Council"
236,E09000025,00BB,5750,3,,newham,England,http://www.newham.gov.uk/,"London Borough of Newham"
237,W06000022,00PR,6935,3,,newport,Wales,http://www.newport.gov.uk,"Newport City Council"
238,N09000010,N09000010,8139,3,,newry-mourne-down,Northern Ireland,http://www.newrymournedown.org/,"Newry, Mourne and Down District Council"
239,E10000020,33,2600,1,,norfolk,England,http://www.norfolk.gov.uk/,"Norfolk County Council"
240,E07000154,34UF,,2,241,northampton,England,https://www.westnorthants.gov.uk/,"Northampton Borough Council"
241,E10000021,34,,1,,northamptonshire,England,https://www.northamptonshire.gov.uk,"Northamptonshire County Council"
242,S12000021,00QY,9072,3,,north-ayrshire,Scotland,http://www.north-ayrshire.gov.uk,"North Ayrshire Council"
243,E07000043,18UE,1115,2,104,north-devon,England,http://www.northdevon.gov.uk/,"North Devon Council"
244,E07000050,19UE,,2,106,north-dorset,England,http://www.dorsetforyou.com/,"North Dorset District Council"
245,E07000038,17UJ,1035,2,101,north-east-derbyshire,England,http://www.ne-derbyshire.gov.uk/,"North East Derbyshire District Council"
246,E06000012,00FC,2002,3,,north-east-lincolnshire,England,http://www.nelincs.gov.uk/,"North East Lincolnshire Council"
247,E07000099,26UF,1925,2,171,north-hertfordshire,England,http://www.north-herts.gov.uk,"North Hertfordshire District Council"
248,E07000139,32UE,2520,2,205,north-kesteven,England,https://www.n-kesteven.gov.uk/,"North Kesteven District Council"
249,S12000044,00QZ,9073,3,,north-lanarkshire,Scotland,http://www.northlanarkshire.gov.uk,"North Lanarkshire Council"
250,E06000013,00FD,2003,3,,north-lincolnshire,England,https://www.northlincs.gov.uk/,"North Lincolnshire Council"
251,E07000147,33UF,2620,2,239,north-norfolk,England,https://www.north-norfolk.gov.uk/,"North Norfolk District Council"
252,E06000024,00HC,121,3,,north-somerset,England,http://www.n-somerset.gov.uk/,"North Somerset Council"
253,E08000022,00CK,4515,3,,north-tyneside,England,https://my.northtyneside.gov.uk/,"North Tyneside Council"
254,E06000057,00EM,2935,3,,northumberland,England,http://www.northumberland.gov.uk/,"Northumberland County Council"
255,E07000218,44UB,3705,2,384,north-warwickshire,England,http://www.northwarks.gov.uk/,"North Warwickshire Borough Council"
256,E07000134,31UH,2435,2,200,north-west-leicestershire,England,http://www.nwleics.gov.uk/,"North West Leicestershire District Council"
257,E10000023,36,2745,1,,north-yorkshire,England,http://www.northyorks.gov.uk/,"North Yorkshire County Council"
258,E07000148,33UG,2625,2,239,norwich,England,http://www.norwich.gov.uk/,"Norwich City Council"
259,E06000018,00FY,3060,3,,nottingham,England,http://www.nottinghamcity.gov.uk/,"Nottingham City Council"
260,E10000024,37,3055,1,,nottinghamshire,England,http://www.nottinghamshire.gov.uk/,"Nottinghamshire County Council"
261,E07000219,44UC,3710,2,384,nuneaton-and-bedworth,England,http://www.nuneatonandbedworth.gov.uk/,"Nuneaton and Bedworth Borough Council"
262,E07000135,31UJ,2440,2,200,oadby-and-wigston,England,http://oadby-wigston.gov.uk/Home/Home.aspx,"Oadby and Wigston District Council"
263,E08000004,00BP,4220,3,,oldham,England,http://www.oldham.gov.uk/,"Oldham Metropolitan Borough Council"
264,S12000023,00RA,9000,3,,orkney-islands,Scotland,http://www.orkney.gov.uk/,"Orkney Islands Council"
265,E07000178,38UC,3110,2,266,oxford,England,https://www.oxford.gov.uk/,"Oxford City Council"
266,E10000025,38,3100,1,,oxfordshire,England,http://www.oxfordshire.gov.uk/,"Oxfordshire County Council"
267,W06000009,00NS,6845,3,,pembrokeshire,Wales,http://www.pembrokeshire.gov.uk,"Pembrokeshire County Council"
268,E07000122,30UJ,2340,2,196,pendle,England,https://www.pendle.gov.uk/,"Pendle Borough Council"
269,S12000024,00RB,9074,3,,perth-and-kinross,Scotland,http://www.pkc.gov.uk,"Perth and Kinross Council"
270,E06000031,00JA,540,3,,peterborough,England,http://www.peterborough.gov.uk/,"Peterborough City Council"
271,E06000026,00HG,1160,3,,plymouth,England,http://www.plymouth.gov.uk/,"Plymouth City Council"
272,E06000029,00HP,,3,,poole,England,https://www.poole.gov.uk/,"Borough of Poole"
273,E06000044,00MR,1775,3,,portsmouth,England,http://www.portsmouth.gov.uk/,"Portsmouth City Council"
274,W06000023,00NN,6850,3,,powys,Wales,http://www.powys.gov.uk,"Powys County Council"
275,E07000123,30UK,2345,2,196,preston,England,http://www.preston.gov.uk/,"Preston City Council"
276,E07000051,19UG,,2,106,purbeck,England,http://www.dorsetforyou.com/,"Purbeck District Council"
277,E06000038,00MC,345,3,,reading,England,https://www.reading.gov.uk/,"Reading Borough Council"
278,E09000026,00BC,5780,3,,redbridge,England,https://www.redbridge.gov.uk/,"London Borough of Redbridge"
279,E06000003,00EE,728,3,,redcar-and-cleveland,England,https://www.redcar-cleveland.gov.uk/,"Redcar and Cleveland Borough Council"
280,E07000236,47UD,1825,2,411,redditch,England,http://www.redditchbc.gov.uk/,"Redditch Borough Council"
281,E07000211,43UF,3625,2,350,reigate-and-banstead,England,http://www.reigate-banstead.gov.uk/,"Reigate and Banstead Borough Council"
282,S12000038,00RC,9075,3,,renfrewshire,Scotland,http://www.renfrewshire.gov.uk,"Renfrewshire Council"
283,W06000016,00PF,6940,3,,rhondda-cynon-taff,Wales,http://www.rctcbc.gov.uk,"Rhondda Cynon Taf County Borough Council"
284,E07000124,30UL,2350,2,196,ribble-valley,England,https://www.ribblevalley.gov.uk/,"Ribble Valley Borough Council"
285,E07000166,36UE,2720,2,257,richmondshire,England,http://richmondshire.gov.uk,"Richmondshire District Council"
286,E09000027,00BD,5810,3,,richmond-upon-thames,England,http://www.richmond.gov.uk/,"London Borough of Richmond upon Thames"
287,E08000005,00BQ,4225,3,,rochdale,England,http://www.rochdale.gov.uk/,"Rochdale Metropolitan Borough Council"
288,E07000075,22UL,1550,2,134,rochford,England,http://www.rochford.gov.uk/,"Rochford District Council"
289,E07000125,30UM,2355,2,196,rossendale,England,http://www.rossendale.gov.uk/,"Rossendale Borough Council"
290,E07000064,21UG,1430,2,127,rother,England,http://www.rother.gov.uk/,"Rother District Council"
291,E08000018,00CF,4415,3,,rotherham,England,https://www.rotherham.gov.uk/,"Rotherham Metropolitan Borough Council"
292,E07000220,44UD,3715,2,384,rugby,England,http://www.rugby.gov.uk/,"Rugby Borough Council"
293,E07000212,43UG,3630,2,350,runnymede,England,http://www.runnymede.gov.uk/,"Runnymede Borough Council"
294,E07000176,37UJ,3040,2,260,rushcliffe,England,http://www.rushcliffe.gov.uk/,"Rushcliffe Borough Council"
295,E07000092,24UL,1750,2,160,rushmoor,England,http://www.rushmoor.gov.uk/,"Rushmoor Borough Council"
296,E06000017,00FP,2470,3,,rutland,England,https://www.rutland.gov.uk/,"Rutland County Council"
297,E07000167,36UF,2725,2,257,ryedale,England,http://www.ryedale.gov.uk,"Ryedale District Council"
298,E08000006,00BR,4230,3,,salford,England,http://www.salford.gov.uk,"Salford City Council"
299,E08000028,00CS,4620,3,,sandwell,England,http://www.sandwell.gov.uk/,"Sandwell Metropolitan Borough Council"
300,E07000168,36UG,2730,2,257,scarborough,England,http://www.scarborough.gov.uk/,"Scarborough Borough Council"
301,S12000026,00QE,9055,3,,scottish-borders,Scotland,https://www.scotborders.gov.uk,"Scottish Borders Council"
302,E07000188,40UC,3310,2,312,sedgemoor,England,http://www.sedgemoor.gov.uk/,"Sedgemoor District Council"
303,E08000014,00CA,4320,3,,sefton,England,https://www.sefton.gov.uk/,"Sefton Metropolitan Borough Council"
304,E07000169,36UH,2735,2,257,selby,England,http://www.selby.gov.uk/,"Selby District Council"
305,E07000111,29UK,2245,2,188,sevenoaks,England,http://www.sevenoaks.gov.uk/,"Sevenoaks District Council"
306,E08000019,00CG,4420,3,,sheffield,England,https://www.sheffield.gov.uk/,"Sheffield City Council"
307,E07000112,29UL,2250,2,188,folkestone-hythe,England,https://www.folkestone-hythe.gov.uk/home,"Folkestone and Hythe District Council"
308,S12000027,00RD,9010,3,,shetland-islands,Scotland,https://www.shetland.gov.uk/,"Shetland Islands Council"
309,E06000051,00GG,3245,3,,shropshire,England,http://www.shropshire.gov.uk/,"Shropshire Council"
310,E06000039,00MD,350,3,,slough,England,http://www.slough.gov.uk/,"Slough Borough Council"
311,E08000029,00CT,4625,3,,solihull,England,https://www.solihull.gov.uk/,"Solihull Metropolitan Borough Council"
312,E10000027,40,3300,1,,somerset,England,http://www.somerset.gov.uk/,"Somerset County Council"
313,E06000045,00MS,1780,3,,southampton,England,http://www.southampton.gov.uk/,"Southampton City Council"
314,S12000028,00RE,9076,3,,south-ayrshire,Scotland,https://www.south-ayrshire.gov.uk/,"South Ayrshire Council"
315,E07000006,11UE,410,2,50,south-bucks,England,http://www.southbucks.gov.uk/,"South Bucks District Council"
316,E07000012,12UG,530,2,56,south-cambridgeshire,England,http://www.scambs.gov.uk/,"South Cambridgeshire District Council"
317,E07000039,17UK,1040,2,101,south-derbyshire,England,https://www.southderbyshire.gov.uk,"South Derbyshire District Council"
318,E06000033,00KF,1590,3,,southend-on-sea,England,http://www.southend.gov.uk/,"Southend-on-Sea Borough Council"
319,E06000025,00HD,119,3,,south-gloucestershire,England,http://www.southglos.gov.uk/,"South Gloucestershire Council"
320,E07000044,18UG,1125,2,104,south-hams,England,http://www.southhams.gov.uk/,"South Hams District Council"
321,E07000140,32UF,2525,2,205,south-holland,England,http://www.sholland.gov.uk/,"South Holland District Council"
322,E07000141,32UG,2530,2,205,south-kesteven,England,http://www.southkesteven.gov.uk/,"South Kesteven District Council"
323,E07000031,16UG,930,2,94,south-lakeland,England,http://www.southlakeland.gov.uk/,"South Lakeland District Council"
324,S12000029,00RF,9077,3,,south-lanarkshire,Scotland,http://www.southlanarkshire.gov.uk,"South Lanarkshire Council"
325,E07000149,33UH,2630,2,239,south-norfolk,England,http://www.south-norfolk.gov.uk/,"South Norfolk District Council"
326,E07000155,34UG,,2,241,south-northamptonshire,England,https://www.westnorthants.gov.uk/,"South Northamptonshire Council"
327,E07000179,38UD,3115,2,266,south-oxfordshire,England,http://www.southoxon.gov.uk,"South Oxfordshire District Council"
328,E07000126,30UN,2360,2,196,south-ribble,England,http://www.southribble.gov.uk/,"South Ribble Borough Council"
329,E07000189,40UD,3325,2,312,south-somerset,England,http://www.southsomerset.gov.uk,"South Somerset District Council"
330,E07000196,41UF,3430,2,335,south-staffordshire,England,https://www.sstaffs.gov.uk/,"South Staffordshire Council"
331,E08000023,00CL,4520,3,,south-tyneside,England,http://www.southtyneside.gov.uk,"South Tyneside Council"
332,E09000028,00BE,5840,3,,southwark,England,http://www.southwark.gov.uk,"London Borough of Southwark"
333,E07000213,43UH,3635,2,350,spelthorne,England,http://www.spelthorne.gov.uk/,"Spelthorne Borough Council"
334,E07000197,41UG,3425,2,335,stafford,England,http://www.staffordbc.gov.uk/,"Stafford Borough Council"
335,E10000028,41,3450,1,,staffordshire,England,http://www.staffordshire.gov.uk/,"Staffordshire County Council"
336,E07000198,41UH,3435,2,335,staffordshire-moorlands,England,https://www.staffsmoorlands.gov.uk/,"Staffordshire Moorlands District Council"
337,E07000240,26UG,1930,2,171,st-albans,England,http://www.stalbans.gov.uk/,"St Albans City and District Council"
338,E07000204,42UF,,2,348,st-edmundsbury,England,http://www.westsuffolk.gov.uk/,"St Edmundsbury Borough Council"
339,E07000243,26UH,1935,2,171,stevenage,England,http://www.stevenage.gov.uk/,"Stevenage Borough Council"
340,E08000013,00BZ,4315,3,,st-helens,England,https://www.sthelens.gov.uk/,"St Helens Council"
341,S12000030,00RG,9078,3,,stirling,Scotland,http://www.stirling.gov.uk,"Stirling Council"
342,E08000007,00BS,4235,3,,stockport,England,http://www.stockport.gov.uk/,"Stockport Metropolitan Borough Council"
343,E06000004,00EF,738,3,,stockton-on-tees,England,https://www.stockton.gov.uk/,"Stockton-on-Tees Borough Council"
344,E06000021,00GL,3455,3,,stoke-on-trent,England,https://www.stoke.gov.uk/,"Stoke-on-Trent City Council"
345,E07000221,44UE,3720,2,384,stratford-on-avon,England,http://www.stratford.gov.uk/,"Stratford-on-Avon District Council"
346,E07000082,23UF,1625,2,149,stroud,England,http://www.stroud.gov.uk/,"Stroud District Council"
347,E07000205,42UG,,2,348,suffolk-coastal,England,http://www.eastsuffolk.gov.uk/,"Suffolk Coastal District Council"
348,E10000029,42,3500,1,,suffolk,England,http://www.suffolk.gov.uk/,"Suffolk County Council"
349,E08000024,00CM,4525,3,,sunderland,England,http://www.sunderland.gov.uk/,"Sunderland City Council"
350,E10000030,43,3600,1,,surrey,England,http://www.surreycc.gov.uk/,"Surrey County Council"
351,E07000214,43UJ,3640,2,350,surrey-heath,England,http://www.surreyheath.gov.uk/,"Surrey Heath Borough Council"
352,E09000029,00BF,5870,3,,sutton,England,http://www.sutton.gov.uk/,"London Borough of Sutton"
353,E07000113,29UM,2255,2,188,swale,England,http://www.swale.gov.uk/,"Swale Borough Council"
354,W06000011,00NX,6855,3,,swansea,Wales,http://www.swansea.gov.uk,"City and County of Swansea Council"
355,E06000030,00HX,3935,3,,swindon,England,http://www.swindon.gov.uk/,"Swindon Borough Council"
356,E08000008,00BT,4240,3,,tameside,England,http://www.tameside.gov.uk/,"Tameside Metropolitan Borough Council"
357,E07000199,41UK,3445,2,335,tamworth,England,http://www.tamworth.gov.uk/,"Tamworth Borough Council"
358,E07000215,43UK,3645,2,350,tandridge,England,http://www.tandridge.gov.uk/,"Tandridge District Council"
359,E07000190,40UE,,2,312,taunton-deane,England,https://www.somersetwestandtaunton.gov.uk/,"Taunton Deane Borough Council"
360,E07000045,18UH,1130,2,104,teignbridge,England,http://www.teignbridge.gov.uk,"Teignbridge District Council"
361,E06000020,00GF,3240,3,,telford-and-wrekin,England,http://www.telford.gov.uk,"Telford & Wrekin Council"
362,E07000076,22UN,1560,2,134,tendring,England,http://www.tendringdc.gov.uk/,"Tendring District Council"
363,E07000093,24UN,1760,2,160,test-valley,England,http://www.testvalley.gov.uk/,"Test Valley Borough Council"
364,E07000083,23UG,1630,2,149,tewkesbury,England,http://tewkesbury.gov.uk/,"Tewkesbury Borough Council"
365,E07000114,29UN,2260,2,188,thanet,England,http://thanet.gov.uk/,"Thanet District Council"
366,W06000014,00PD,6950,3,,vale-of-glamorgan,Wales,https://valeofglamorgan.gov.uk/,"Vale of Glamorgan Council"
367,E07000102,26UJ,1940,2,171,three-rivers,England,http://www.threerivers.gov.uk/,"Three Rivers District Council"
368,E06000034,00KG,1595,3,,thurrock,England,http://www.thurrock.gov.uk/,"Thurrock Council"
369,E07000115,29UP,2265,2,188,tonbridge-and-malling,England,http://www.tmbc.gov.uk,"Tonbridge and Malling Borough Council"
370,E06000027,00HH,1165,3,,torbay,England,http://www.torbay.gov.uk/,"Torbay Council"
371,W06000020,00PM,6945,3,,torfaen,Wales,http://www.torfaen.gov.uk,"Torfaen County Borough Council"
372,E07000046,18UK,1145,2,104,torridge,England,http://www.torridge.gov.uk/,"Torridge District Council"
373,E09000030,00BG,5900,3,,tower-hamlets,England,http://www.towerhamlets.gov.uk/,"London Borough of Tower Hamlets"
374,E08000009,00BU,4245,3,,trafford,England,http://www.trafford.gov.uk/,"Trafford Metropolitan Borough Council"
375,E07000116,29UQ,2270,2,188,tunbridge-wells,England,https://www.tunbridgewells.gov.uk/,"Tunbridge Wells Borough Council"
376,E07000077,22UQ,1570,2,134,uttlesford,England,https://www.uttlesford.gov.uk/home,"Uttlesford District Council"
377,E07000180,38UE,3120,2,266,vale-of-white-horse,England,http://www.whitehorsedc.gov.uk/,"Vale of White Horse District Council"
378,E08000036,00DB,4725,3,,wakefield,England,https://www.wakefield.gov.uk/,"Wakefield Metropolitan District Council"
379,E08000030,00CU,4630,3,,walsall,England,https://go.walsall.gov.uk/,"Walsall Metropolitan Borough Council"
380,E09000031,00BH,5930,3,,waltham-forest,England,https://www.walthamforest.gov.uk/,"London Borough of Waltham Forest"
381,E09000032,00BJ,5960,3,,wandsworth,England,http://www.wandsworth.gov.uk/,"London Borough of Wandsworth"
382,E06000007,00EU,655,3,,warrington,England,https://www.warrington.gov.uk/,"Warrington Borough Council"
383,E07000222,44UF,3725,2,384,warwick,England,http://www.warwickdc.gov.uk/,"Warwick District Council"
384,E10000031,44,3700,1,,warwickshire,England,https://www.warwickshire.gov.uk/,"Warwickshire County Council"
385,E07000103,26UK,1945,2,171,watford,England,http://www.watford.gov.uk/,"Watford Borough Council"
386,E07000206,42UH,,2,348,waveney,England,http://www.eastsuffolk.gov.uk/,"Waveney District Council"
387,E07000216,43UL,3650,2,350,waverley,England,http://www.waverley.gov.uk/,"Waverley Borough Council"
388,E07000065,21UH,1435,2,127,wealden,England,http://www.wealden.gov.uk/,"Wealden District Council"
389,E07000156,34UH,,2,241,wellingborough,England,https://www.northnorthants.gov.uk/,"Wellingborough Borough Council"
390,E07000241,26UL,1950,2,171,welwyn-hatfield,England,http://www.welhat.gov.uk/,"Welwyn Hatfield Council"
391,E06000037,00MB,340,3,,west-berkshire,England,http://www.westberks.gov.uk/,"West Berkshire Council"
392,E07000047,18UL,1150,2,104,west-devon,England,http://www.westdevon.gov.uk/,"West Devon Borough Council"
393,E07000052,19UH,,2,106,west-dorset,England,http://www.dorsetforyou.com/,"West Dorset District Council"
394,S12000039,00QG,9057,3,,west-dunbartonshire,Scotland,http://www.west-dunbarton.gov.uk,"West Dunbartonshire Council"
395,E07000127,30UP,2365,2,196,west-lancashire,England,http://www.westlancs.gov.uk/,"West Lancashire Borough Council"
396,E07000142,32UH,2535,2,205,west-lindsey,England,https://www.west-lindsey.gov.uk/,"West Lindsey District Council"
397,S12000040,00RH,9079,3,,west-lothian,Scotland,https://www.westlothian.gov.uk/,"West Lothian Council"
398,E07000181,38UF,3125,2,266,west-oxfordshire,England,http://www.westoxon.gov.uk/,"West Oxfordshire District Council"
399,E07000191,40UF,,2,312,west-somerset,England,https://www.somersetwestandtaunton.gov.uk/,"West Somerset Council"
400,E10000032,45,3800,1,,west-sussex,England,http://www.westsussex.gov.uk/,"West Sussex County Council"
401,E07000053,19UJ,,2,106,weymouth-and-portland,England,http://www.dorsetforyou.com/,"Weymouth and Portland Borough Council"
402,E08000010,00BW,4250,3,,wigan,England,http://www.wigan.gov.uk,"Wigan Metropolitan Borough Council"
403,E06000054,00HY,3940,3,,wiltshire,England,https://www.wiltshire.gov.uk/,"Wiltshire Council"
404,E07000094,24UP,1765,2,160,winchester,England,http://www.winchester.gov.uk/,"Winchester City Council"
405,E06000040,00ME,355,3,,windsor-and-maidenhead,England,http://www.rbwm.gov.uk/,"Royal Borough of Windsor and Maidenhead"
406,E08000015,00CB,4325,3,,wirral,England,http://www.wirral.gov.uk/,"Wirral Council"
407,E07000217,43UM,3655,2,350,woking,England,https://www.woking.gov.uk/,"Woking Borough Council"
408,E06000041,00MF,360,3,,wokingham,England,https://www.wokingham.gov.uk/,"Wokingham Borough Council"
409,E08000031,00CW,4635,3,,wolverhampton,England,http://www.wolverhampton.gov.uk,"City of Wolverhampton Council"
410,E07000237,47UE,1835,2,411,worcester,England,http://www.worcester.gov.uk,"Worcester City Council"
411,E10000034,47,1855,1,,worcestershire,England,http://www.worcestershire.gov.uk,"Worcestershire County Council"
412,E07000229,45UH,3835,2,400,worthing,England,http://www.adur-worthing.gov.uk/,"Worthing Borough Council"
413,W06000006,00NL,6955,3,,wrexham,Wales,http://www.wrexham.gov.uk/,"Wrexham County Borough Council"
414,E07000238,47UF,1840,2,411,wychavon,England,http://www.wychavon.gov.uk/,"Wychavon District Council"
415,E07000007,11UF,425,2,50,wycombe,England,http://www.wycombe.gov.uk/,"Wycombe District Council"
416,E07000128,30UQ,2370,2,196,wyre,England,http://www.wyre.gov.uk,"Wyre Council"
417,E07000239,47UG,1845,2,411,wyre-forest,England,http://www.wyreforestdc.gov.uk/,"Wyre Forest District Council"
418,E06000014,00FF,2741,3,,york,England,http://www.york.gov.uk,"City of York Council"
419,E06000058,E06000058,1260,3,,bournemouth-christchurch-poole,England,https://www.bcpcouncil.gov.uk/,"Bournemouth, Christchurch and Poole Council"
420,E07000244,E07000244,3540,2,348,east-suffolk,England,https://www.eastsuffolk.gov.uk/,"East Suffolk District Council"
421,E07000246,E07000246,3330,2,312,somerset-west-taunton,England,https://www.somersetwestandtaunton.gov.uk/,"Somerset West and Taunton District Council"
422,E07000245,E07000245,3545,2,348,west-suffolk,England,https://www.westsuffolk.gov.uk/,"West Suffolk District Council"
423,E10000002,11-DUPLICATE,,1,,buckinghamshire-county-council,England,,"Buckinghamshire County Council"
424,E06000061,E06000061,2840,3,,north-northamptonshire,England,https://www.northnorthants.gov.uk/,"North Northamptonshire Council"
425,E06000062,E06000062,2845,3,,west-northamptonshire,England,https://www.westnorthants.gov.uk/,"West Northamptonshire Council"
